{"cameraMode":{"drawMode":0,"name":"Shaded","section":"Shading Mode"},"sceneLighting":true,"audioPlay":false,"sceneViewState":{"showFog":true,"showMaterialUpdate":true,"showSkybox":true,"showFlares":true,"showImageEffects":true,"showParticleSystems":true},"in2DMode":false,"pivot":{"x":-8.201289176940918,"y":-9.734394073486329,"z":-3.4392876625061037},"rotation":{"x":0.24702905118465424,"y":-0.7154087424278259,"z":0.3059457540512085,"w":0.5776858329772949},"size":10.0,"orthographic":false}